GPU Power (W), Time (S), 
11, 0.102409, 
9, 0.204964, 
8, 0.309095, 
8, 0.411717, 
8, 0.514527, 
8, 0.617204, 
9, 0.719807, 
8, 0.822485, 
9, 0.925026, 
8, 1.027718, 
9, 1.131768, 
8, 1.234430, 
9, 1.337084, 
8, 1.439713, 
8, 1.542437, 
9, 1.645066, 
8, 1.747791, 
9, 1.850462, 
8, 1.953051, 
8, 2.055651, 
8, 2.158314, 
9, 2.261002, 
8, 2.364513, 
10, 2.467289, 
8, 2.569755, 
8, 2.672387, 
8, 2.775036, 
8, 2.877754, 
9, 2.981769, 
